links,names
https://myneta.info/maharashtra2019/candidate.php?candidate_id=8026,Govardhan Mangilal Sharma Alias Lalaji
https://myneta.info/maharashtra2019/candidate.php?candidate_id=7927,Omprakash Babarao Kadu(Bachchu)
https://myneta.info/maharashtra2019/candidate.php?candidate_id=9066,Aatram Dharamraobaba Bhagwantrao
https://myneta.info/maharashtra2019/candidate.php?candidate_id=7932,Sangram Arunkaka Jagtap
https://myneta.info/maharashtra2019/candidate.php?candidate_id=7802,Babasaheb Mohanrao Patil
https://myneta.info/maharashtra2019/candidate.php?candidate_id=9073,Sachin Panchappa Kalyanshetti
https://myneta.info/maharashtra2019/candidate.php?candidate_id=8018,Adv. K. C. Padavi
https://myneta.info/maharashtra2019/candidate.php?candidate_id=7804,Randhir Pralhadrao Sawarkar
https://myneta.info/maharashtra2019/candidate.php?candidate_id=8030,Dr. Kiran Yamaji Lahamate
https://myneta.info/maharashtra2019/candidate.php?candidate_id=8033,Prakash Gunwantrao Bharsakale
https://myneta.info/maharashtra2019/candidate.php?candidate_id=8038,Mahendra Hari Dalvi
https://myneta.info/maharashtra2019/candidate.php?candidate_id=7646,Anil Bhaidas Patil
https://myneta.info/maharashtra2019/candidate.php?candidate_id=9105,Kinikar Balaji Pralhad
https://myneta.info/maharashtra2019/candidate.php?candidate_id=8050,Dilip Dattatray Walse-Patil
https://myneta.info/maharashtra2019/candidate.php?candidate_id=8059,Sahasram Maroti Korote
https://myneta.info/maharashtra2019/candidate.php?candidate_id=9129,Sulbha Sanjay Khodke
https://myneta.info/maharashtra2019/candidate.php?candidate_id=7814,Ameet Bhaskar Satam
https://myneta.info/maharashtra2019/candidate.php?candidate_id=7813,Ramesh Kondiram Latke
https://myneta.info/maharashtra2019/candidate.php?candidate_id=8071,Mohammed Nawab Malik
https://myneta.info/maharashtra2019/candidate.php?candidate_id=9140,Chandrikapure Manohar Gowardhan
https://myneta.info/maharashtra2019/candidate.php?candidate_id=8114,Gajbe Krushna Damaji
https://myneta.info/maharashtra2019/candidate.php?candidate_id=9143,Sandeep Prabhakar Dhurve
https://myneta.info/maharashtra2019/candidate.php?candidate_id=8120,Dadarao Yadaorao Keche
https://myneta.info/maharashtra2019/candidate.php?candidate_id=9158,Ajabe Balasaheb Bhausaheb
https://myneta.info/maharashtra2019/candidate.php?candidate_id=10376,Jaiswal Pradeep Shivnarayan
https://myneta.info/maharashtra2019/candidate.php?candidate_id=8138,Sanjay Pandurang Shirsat
https://myneta.info/maharashtra2019/candidate.php?candidate_id=10429,Atul Moreshwar Save
https://myneta.info/maharashtra2019/candidate.php?candidate_id=10470,Abhimanyu Dattatray Pawar
https://myneta.info/maharashtra2019/candidate.php?candidate_id=10512,Kuche Narayan Tilakchand
https://myneta.info/maharashtra2019/candidate.php?candidate_id=10551,Ravi Rana
https://myneta.info/maharashtra2019/candidate.php?candidate_id=8180,Dilip Mangalu Borse
https://myneta.info/maharashtra2019/candidate.php?candidate_id=8199,Nitin Bhikanrao Tale
https://myneta.info/maharashtra2019/candidate.php?candidate_id=9526,Mungantiwar Sudhir Sachchidanand
https://myneta.info/maharashtra2019/candidate.php?candidate_id=10610,Ajit Aanantrao Pawar
https://myneta.info/maharashtra2019/candidate.php?candidate_id=10672,Rajendra Vitthal Raut
https://myneta.info/maharashtra2019/candidate.php?candidate_id=9614,Chandrakant Alias Rajubhaiyya Ramakant Nawghare
https://myneta.info/maharashtra2019/candidate.php?candidate_id=7577,Sandeep Ravindra Kshirsagar
https://myneta.info/maharashtra2019/candidate.php?candidate_id=8873,Manda Vijay Mhatre
https://myneta.info/maharashtra2019/candidate.php?candidate_id=8368,Narendra Bhojraj Bhondekar
https://myneta.info/maharashtra2019/candidate.php?candidate_id=8768,Ramesh Gajanan Korgaonkar
https://myneta.info/maharashtra2019/candidate.php?candidate_id=8686,Chaughule Mahesh Prabhakar
https://myneta.info/maharashtra2019/candidate.php?candidate_id=9820,Rais Kasam Shaikh
https://myneta.info/maharashtra2019/candidate.php?candidate_id=7613,Shantaram Tukaram More
https://myneta.info/maharashtra2019/candidate.php?candidate_id=7463,Ashokrao Shankarrao Chavan
https://myneta.info/maharashtra2019/candidate.php?candidate_id=7836,Santosh Raosaheb Danve
https://myneta.info/maharashtra2019/candidate.php?candidate_id=7669,Sangram Anantrao Thopte
https://myneta.info/maharashtra2019/candidate.php?candidate_id=9989,Mahesh (Dada) Kisan Landge
https://myneta.info/maharashtra2019/candidate.php?candidate_id=8175,Sanjay Waman Sawkare
https://myneta.info/maharashtra2019/candidate.php?candidate_id=10077,Rajesh Raghunath Patil
https://myneta.info/maharashtra2019/candidate.php?candidate_id=8730,Sunil Rane
https://myneta.info/maharashtra2019/candidate.php?candidate_id=8411,Vijay Namdeorao Wadettiwar
https://myneta.info/maharashtra2019/candidate.php?candidate_id=9400,Sanjay Rambhau Gaikwad
https://myneta.info/maharashtra2019/candidate.php?candidate_id=9929,Yamini Yashwant Jadhav
https://myneta.info/maharashtra2019/candidate.php?candidate_id=11008,Mangesh Ramesh Chavan
https://myneta.info/maharashtra2019/candidate.php?candidate_id=10152,Rajesh Narasingrao Patil
https://myneta.info/maharashtra2019/candidate.php?candidate_id=9842,Dilip Bhausaheb Lande
https://myneta.info/maharashtra2019/candidate.php?candidate_id=9760,Dr. Aher Rahul Daulatrao
https://myneta.info/maharashtra2019/candidate.php?candidate_id=8794,Yogesh Amrutlal Sagar
https://myneta.info/maharashtra2019/candidate.php?candidate_id=8648,Prakash Vaikunth Phaterpekar
https://myneta.info/maharashtra2019/candidate.php?candidate_id=9404,Shweta Vidyadhar Mahale
https://myneta.info/maharashtra2019/candidate.php?candidate_id=9537,Bunty Bhangdiya
https://myneta.info/maharashtra2019/candidate.php?candidate_id=9977,Jagtap Laxman Pandurang
https://myneta.info/maharashtra2019/candidate.php?candidate_id=7604,Shekhar Govindrao Nikam
https://myneta.info/maharashtra2019/candidate.php?candidate_id=8974,Latabai Chandrakant Sonawane
https://myneta.info/maharashtra2019/candidate.php?candidate_id=9948,Rahul Suresh Narwekar
https://myneta.info/maharashtra2019/candidate.php?candidate_id=7681,Vinod Bhiva Nikole
https://myneta.info/maharashtra2019/candidate.php?candidate_id=8219,Kadam Yogeshdada Ramdas
https://myneta.info/maharashtra2019/candidate.php?candidate_id=9035,Balwant Baswant Wankhade
https://myneta.info/maharashtra2019/candidate.php?candidate_id=9047,Rahul Subhashrao Kul
https://myneta.info/maharashtra2019/candidate.php?candidate_id=9600,Antapurkar Raosaheb Jayvanta
https://myneta.info/maharashtra2019/candidate.php?candidate_id=9803,Saroj Babulal Ahire
https://myneta.info/maharashtra2019/candidate.php?candidate_id=9297,Ranjit Prataprao Kamble
https://myneta.info/maharashtra2019/candidate.php?candidate_id=8742,Chaudhary Manisha Ashok
https://myneta.info/maharashtra2019/candidate.php?candidate_id=9425,Adsad Pratap Arunbhau
https://myneta.info/maharashtra2019/candidate.php?candidate_id=7935,Gaikwad Varsha Eknath
https://myneta.info/maharashtra2019/candidate.php?candidate_id=9343,Shah Faruk Anwar
https://myneta.info/maharashtra2019/candidate.php?candidate_id=9317,Kunalbaba Rohidas Patil
https://myneta.info/maharashtra2019/candidate.php?candidate_id=9558,Rathod Sanjay Dulichand
https://myneta.info/maharashtra2019/candidate.php?candidate_id=9782,Zirwal Narhari Sitaram
https://myneta.info/maharashtra2019/candidate.php?candidate_id=8787,Sunil Prabhu
https://myneta.info/maharashtra2019/candidate.php?candidate_id=8678,Ravindra Dattatray Chavan
https://myneta.info/maharashtra2019/candidate.php?candidate_id=8659,Chimanrao Rupchand Patil
https://myneta.info/maharashtra2019/candidate.php?candidate_id=8382,Deorao Madguji Holi
https://myneta.info/maharashtra2019/candidate.php?candidate_id=11025,Ratnakar Manikrao Gutte
https://myneta.info/maharashtra2019/candidate.php?candidate_id=11065,Bamb Prashant Bansilal
https://myneta.info/maharashtra2019/candidate.php?candidate_id=9665,Rajeshbhaiyya Tope
https://myneta.info/maharashtra2019/candidate.php?candidate_id=11054,Laxman Madhavrao Pawar
https://myneta.info/maharashtra2019/candidate.php?candidate_id=8834,Ram Kadam
https://myneta.info/maharashtra2019/candidate.php?candidate_id=8850,Parag Shah
https://myneta.info/maharashtra2019/candidate.php?candidate_id=9524,Agrawal Vinod Santoshkumar
https://myneta.info/maharashtra2019/candidate.php?candidate_id=8811,Vidya Jaiprakash Thakur
https://myneta.info/maharashtra2019/candidate.php?candidate_id=8216,Bhaskar Bhaurao Jadhav
https://myneta.info/maharashtra2019/candidate.php?candidate_id=11038,Chetan Vitthal Tupe
https://myneta.info/maharashtra2019/candidate.php?candidate_id=9576,Jawalgaonkar Madhavrao Nivruttirao Patil
https://myneta.info/maharashtra2019/candidate.php?candidate_id=10125,Raju Jaywantrao Awale
https://myneta.info/maharashtra2019/candidate.php?candidate_id=8328,Samir Trimbakrao Kunawar
https://myneta.info/maharashtra2019/candidate.php?candidate_id=9466,Meghe Sameer Dattatraya
https://myneta.info/maharashtra2019/candidate.php?candidate_id=9630,Tanhaji Sakharamji Mutkule
https://myneta.info/maharashtra2019/candidate.php?candidate_id=7596,Prakashanna Awade
https://myneta.info/maharashtra2019/candidate.php?candidate_id=8718,Hiraman Bhika Khoskar
https://myneta.info/maharashtra2019/candidate.php?candidate_id=9211,Dattatray Vithoba Bharane
https://myneta.info/maharashtra2019/candidate.php?candidate_id=7557,Jayant Rajaram Patil
https://myneta.info/maharashtra2019/candidate.php?candidate_id=8312,Kute Sanjay Shriram
https://myneta.info/maharashtra2019/candidate.php?candidate_id=8183,Suresh Damu Bhole
https://myneta.info/maharashtra2019/candidate.php?candidate_id=8192,Gulabrao Raghunath Patil
https://myneta.info/maharashtra2019/candidate.php?candidate_id=7888,Kailas Kisanrao Gorantyal
https://myneta.info/maharashtra2019/candidate.php?candidate_id=8308,Girish Dattatraya Mahajan
https://myneta.info/maharashtra2019/candidate.php?candidate_id=9718,Vikramsinh Balasaheb Sawant
https://myneta.info/maharashtra2019/candidate.php?candidate_id=10537,Meghana Deepak Sakore Bordikar
https://myneta.info/maharashtra2019/candidate.php?candidate_id=8774,Ravindra Dattaram Waikar
https://myneta.info/maharashtra2019/candidate.php?candidate_id=7896,Atul Vallabh Benke
https://myneta.info/maharashtra2019/candidate.php?candidate_id=9890,Mushrif Hasan Miyalal
https://myneta.info/maharashtra2019/candidate.php?candidate_id=10028,Namita Akshay Mundada
https://myneta.info/maharashtra2019/candidate.php?candidate_id=9624,Bangar Santosh Laxmanrao
https://myneta.info/maharashtra2019/candidate.php?candidate_id=7905,Nitin Arjun Pawar
https://myneta.info/maharashtra2019/candidate.php?candidate_id=8695,Vishwanath Atmaram Bhoir
https://myneta.info/maharashtra2019/candidate.php?candidate_id=8427,Ganpat Kalu Gaikwad
https://myneta.info/maharashtra2019/candidate.php?candidate_id=8899,Pramod Ratan Patil
https://myneta.info/maharashtra2019/candidate.php?candidate_id=9490,Sawarkar Tekchand Shrawan
https://myneta.info/maharashtra2019/candidate.php?candidate_id=8793,Atul Bhatkhalkar
https://myneta.info/maharashtra2019/candidate.php?candidate_id=10178,Nitesh Narayan Rane
https://myneta.info/maharashtra2019/candidate.php?candidate_id=7907,Udaysing Sardarsing Rajput
https://myneta.info/maharashtra2019/candidate.php?candidate_id=7603,Balasaheb Alias Shamrao Pandurang Patil
https://myneta.info/maharashtra2019/candidate.php?candidate_id=8239,Prithviraj Chavan
https://myneta.info/maharashtra2019/candidate.php?candidate_id=10691,Patni Rajendra Sukhanand
https://myneta.info/maharashtra2019/candidate.php?candidate_id=9952,Mahendra Sadashiv Thorve
https://myneta.info/maharashtra2019/candidate.php?candidate_id=10700,Rohit Pawar
https://myneta.info/maharashtra2019/candidate.php?candidate_id=10725,Sanjaymama Vitthalrao Shinde
https://myneta.info/maharashtra2019/candidate.php?candidate_id=7728,Pandurang Nivrutti Patil
https://myneta.info/maharashtra2019/candidate.php?candidate_id=10005,Mukta Shailesh Tilak
https://myneta.info/maharashtra2019/candidate.php?candidate_id=9458,Anil Deshmukh
https://myneta.info/maharashtra2019/candidate.php?candidate_id=7920,Bhimrao Dhondiba Tapkir
https://myneta.info/maharashtra2019/candidate.php?candidate_id=8943,Akash Pandurang Fundkar
https://myneta.info/maharashtra2019/candidate.php?candidate_id=8431,Anilrao Kaljerao Babar
https://myneta.info/maharashtra2019/candidate.php?candidate_id=7732,Dilip Dattatray Mohite
https://myneta.info/maharashtra2019/candidate.php?candidate_id=10824,Bhimrao Ramjee Keram
https://myneta.info/maharashtra2019/candidate.php?candidate_id=10139,Chandrakant Pandit Jadhav
https://myneta.info/maharashtra2019/candidate.php?candidate_id=7913,Ruturaj Sanjay Patil
https://myneta.info/maharashtra2019/candidate.php?candidate_id=10862,Ashutosh Ashokrao Kale
https://myneta.info/maharashtra2019/candidate.php?candidate_id=8879,Eknath Sambhaji Shinde
https://myneta.info/maharashtra2019/candidate.php?candidate_id=8241,Mahesh Sambhajiraje Shinde
https://myneta.info/maharashtra2019/candidate.php?candidate_id=7909,Chandrakant Bachhu Patil
https://myneta.info/maharashtra2019/candidate.php?candidate_id=7906,Vaibhav Vijay Naik
https://myneta.info/maharashtra2019/candidate.php?candidate_id=8842,Mangesh Anant Kudalkar
https://myneta.info/maharashtra2019/candidate.php?candidate_id=8263,Amit Vilasrao Deshmukh
https://myneta.info/maharashtra2019/candidate.php?candidate_id=11092,Dhiraj Vilasrao Deshmukh
https://myneta.info/maharashtra2019/candidate.php?candidate_id=9595,Shyamsundar Dagdoji Shinde
https://myneta.info/maharashtra2019/candidate.php?candidate_id=10966,Shinde Babanrao Vitthalrao
https://myneta.info/maharashtra2019/candidate.php?candidate_id=7586,Prakash Rajaram Surve
https://myneta.info/maharashtra2019/candidate.php?candidate_id=7563,Gogawale Bharat Maruti
https://myneta.info/maharashtra2019/candidate.php?candidate_id=9921,Sada Sarvankar
https://myneta.info/maharashtra2019/candidate.php?candidate_id=10956,Prakash Sundarrao Solanke
https://myneta.info/maharashtra2019/candidate.php?candidate_id=7748,Mangalprabhat Lodha
https://myneta.info/maharashtra2019/candidate.php?candidate_id=8801,Aslam Ramzanali Shaikh
https://myneta.info/maharashtra2019/candidate.php?candidate_id=9368,Mohammed Ismail Abdul Khalique
https://myneta.info/maharashtra2019/candidate.php?candidate_id=10929,Bhuse Dadaji Dagdu
https://myneta.info/maharashtra2019/candidate.php?candidate_id=7895,Ekade Rajesh Panditrao
https://myneta.info/maharashtra2019/candidate.php?candidate_id=10909,Ram Vitthal Satpute
https://myneta.info/maharashtra2019/candidate.php?candidate_id=8086,Jaykumar Bhagwanrao Gore
https://myneta.info/maharashtra2019/candidate.php?candidate_id=7749,Abu Asim Azmi
https://myneta.info/maharashtra2019/candidate.php?candidate_id=8090,Sunil Shankarrao Shelke
https://myneta.info/maharashtra2019/candidate.php?candidate_id=10888,Geeta Bharat Jain
https://myneta.info/maharashtra2019/candidate.php?candidate_id=7889,Sanjay Bhaskar Raymulkar
https://myneta.info/maharashtra2019/candidate.php?candidate_id=9455,Rajkumar Dayaram Patel
https://myneta.info/maharashtra2019/candidate.php?candidate_id=7887,Dr. Suresh (Bhau) Dagadu Khade
https://myneta.info/maharashtra2019/candidate.php?candidate_id=7752,Mane Yashwant Vitthal
https://myneta.info/maharashtra2019/candidate.php?candidate_id=8111,Devendra Mahadevrao Bhuyar
https://myneta.info/maharashtra2019/candidate.php?candidate_id=9609,Tushar Govindrao Rathod
https://myneta.info/maharashtra2019/candidate.php?candidate_id=7884,Chandrakant Nimba Patil
https://myneta.info/maharashtra2019/candidate.php?candidate_id=8754,Kotecha Mihir Chandrakant
https://myneta.info/maharashtra2019/candidate.php?candidate_id=9935,Amin Patel
https://myneta.info/maharashtra2019/candidate.php?candidate_id=9833,Awhad Jitendra Satish
https://myneta.info/maharashtra2019/candidate.php?candidate_id=9827,Kisan Shankar Kathore
https://myneta.info/maharashtra2019/candidate.php?candidate_id=10837,Harish Marotiappa Pimpale
https://myneta.info/maharashtra2019/candidate.php?candidate_id=8980,Vikas Shankarrao Kumbhare
https://myneta.info/maharashtra2019/candidate.php?candidate_id=8995,Krushna Pancham Khopde
https://myneta.info/maharashtra2019/candidate.php?candidate_id=9347,Dr. Nitin Raut
https://myneta.info/maharashtra2019/candidate.php?candidate_id=9476,Mohan Gopalrao Mate
https://myneta.info/maharashtra2019/candidate.php?candidate_id=9322,Devendra Gangadharrao Fadnavis
https://myneta.info/maharashtra2019/candidate.php?candidate_id=8359,Vikas Pandurang Thakre
https://myneta.info/maharashtra2019/candidate.php?candidate_id=9742,Rajesh Sambhajirao Pawar
https://myneta.info/maharashtra2019/candidate.php?candidate_id=10086,Kshitij Hitendra Thakur
https://myneta.info/maharashtra2019/candidate.php?candidate_id=10788,Balaji Devidasrao Kalyankar
https://myneta.info/maharashtra2019/candidate.php?candidate_id=10746,Mohanrao Marotrao Hambarde
https://myneta.info/maharashtra2019/candidate.php?candidate_id=9702,Suhas Dwarkanath Kande
https://myneta.info/maharashtra2019/candidate.php?candidate_id=8136,Vijaykumar Krushnarao Gavit
https://myneta.info/maharashtra2019/candidate.php?candidate_id=9790,Seema Mahesh Hiray (Seematai)
https://myneta.info/maharashtra2019/candidate.php?candidate_id=9379,Devyani Suhas Pharande
https://myneta.info/maharashtra2019/candidate.php?candidate_id=10684,Rahul Uattamrao Dhikle
https://myneta.info/maharashtra2019/candidate.php?candidate_id=8914,Naik Shirishkumar Surupsing
https://myneta.info/maharashtra2019/candidate.php?candidate_id=7548,Shankarrao Yashwantrao Gadakh
https://myneta.info/maharashtra2019/candidate.php?candidate_id=10650,Nilangekar Sambhaji Diliprao Patil
https://myneta.info/maharashtra2019/candidate.php?candidate_id=9778,Bankar Diliprao Shankarrao
https://myneta.info/maharashtra2019/candidate.php?candidate_id=7985,Chougule Dnyanraj Dhondiram
https://myneta.info/maharashtra2019/candidate.php?candidate_id=10232,Kailas Balasaheb Ghadge Patil
https://myneta.info/maharashtra2019/candidate.php?candidate_id=7779,Pratap Baburao Sarnaik
https://myneta.info/maharashtra2019/candidate.php?candidate_id=8671,Kishor Dhansing Patil
https://myneta.info/maharashtra2019/candidate.php?candidate_id=9687,Bhumare Sandipanrao Asaram
https://myneta.info/maharashtra2019/candidate.php?candidate_id=10072,Shrinivas Chintaman Vanga
https://myneta.info/maharashtra2019/candidate.php?candidate_id=10092,Kadam Vishwajeet Patangrao
https://myneta.info/maharashtra2019/candidate.php?candidate_id=10248,Bhalake Bharat Tukaram
https://myneta.info/maharashtra2019/candidate.php?candidate_id=10265,Prashant Ramsheth Thakur
https://myneta.info/maharashtra2019/candidate.php?candidate_id=10271,Tanaji Jaywant Sawant
https://myneta.info/maharashtra2019/candidate.php?candidate_id=10281,Dr. Rahul Vedprakash Patil
https://myneta.info/maharashtra2019/candidate.php?candidate_id=10293,Dhananjay Panditrao Munde
https://myneta.info/maharashtra2019/candidate.php?candidate_id=7790,Nilesh Dnyandev Lanke
https://myneta.info/maharashtra2019/candidate.php?candidate_id=7788,Babanrao Dattatrya Yadav(Lonikar)
https://myneta.info/maharashtra2019/candidate.php?candidate_id=8291,Madhuri Satish Misal
https://myneta.info/maharashtra2019/candidate.php?candidate_id=10204,Desai Shambhuraj Shivajirao
https://myneta.info/maharashtra2019/candidate.php?candidate_id=9644,Warpudkar Suresh Ambadasrao
https://myneta.info/maharashtra2019/candidate.php?candidate_id=7851,Ravisheth Patil
https://myneta.info/maharashtra2019/candidate.php?candidate_id=10211,Dipak Pralhad Chavan
https://myneta.info/maharashtra2019/candidate.php?candidate_id=10329,Bagde Haribhau Kisanrao
https://myneta.info/maharashtra2019/candidate.php?candidate_id=10338,Anna Dadu Bansode
https://myneta.info/maharashtra2019/candidate.php?candidate_id=8282,Kamble Sunil Dnyandev
https://myneta.info/maharashtra2019/candidate.php?candidate_id=7554,Sanjay Chandrakant Jagtap
https://myneta.info/maharashtra2019/candidate.php?candidate_id=9565,Naik Indranil Manohar
https://myneta.info/maharashtra2019/candidate.php?candidate_id=7845,Abitkar Prakash Anandrao
https://myneta.info/maharashtra2019/candidate.php?candidate_id=11094,Prajakt Prasadrao Tanpure
https://myneta.info/maharashtra2019/candidate.php?candidate_id=8211,Rajan Prabhakar Salvi
https://myneta.info/maharashtra2019/candidate.php?candidate_id=8390,Subhash Ramchandrarao Dhote
https://myneta.info/maharashtra2019/candidate.php?candidate_id=9545,Ashok Ramaji Wooike (Uike)
https://myneta.info/maharashtra2019/candidate.php?candidate_id=8438,Ashish Nandkishor Jaiswal
https://myneta.info/maharashtra2019/candidate.php?candidate_id=10190,Uday Ravindra Samant
https://myneta.info/maharashtra2019/candidate.php?candidate_id=8968,Chaudhari Shirish Madhukarrao
https://myneta.info/maharashtra2019/candidate.php?candidate_id=8945,Amit Subhashrao Zanak
https://myneta.info/maharashtra2019/candidate.php?candidate_id=9498,Nanabhau Falgunrao Patole
https://myneta.info/maharashtra2019/candidate.php?candidate_id=9315,Manjula Tulshiram Gavit
https://myneta.info/maharashtra2019/candidate.php?candidate_id=10106,Dhananjay Alias Sudhir Hari Gadgil
https://myneta.info/maharashtra2019/candidate.php?candidate_id=7476,Vijay Alias Balasaheb Bhausaheb Thorat
https://myneta.info/maharashtra2019/candidate.php?candidate_id=10484,Shahaji Patil
https://myneta.info/maharashtra2019/candidate.php?candidate_id=7628,Bhonsle Shivendrasinh Abhaysinhraje
https://myneta.info/maharashtra2019/candidate.php?candidate_id=8342,Sunil Chhatrapal Kedar
https://myneta.info/maharashtra2019/candidate.php?candidate_id=8209,Deepak Vasantrao Kesarkar
https://myneta.info/maharashtra2019/candidate.php?candidate_id=8901,Rajesh Udesing Padavi
https://myneta.info/maharashtra2019/candidate.php?candidate_id=8152,Daulat Bhika Daroda
https://myneta.info/maharashtra2019/candidate.php?candidate_id=7834,Dr. Vinay Vilasrao Kore
https://myneta.info/maharashtra2019/candidate.php?candidate_id=10524,Monica Rajeev Rajale
https://myneta.info/maharashtra2019/candidate.php?candidate_id=10098,Mansing Fattesingrao Naik
https://myneta.info/maharashtra2019/candidate.php?candidate_id=8275,Vikhe Patil Radhakrishna Eknathrao
https://myneta.info/maharashtra2019/candidate.php?candidate_id=10124,Rajendra Shamgonda Patil
https://myneta.info/maharashtra2019/candidate.php?candidate_id=8651,Kashiram Vechan Pawara
https://myneta.info/maharashtra2019/candidate.php?candidate_id=7826,Ashok Raosaheb Pawar
https://myneta.info/maharashtra2019/candidate.php?candidate_id=8305,Ajay Vinayak Choudhari
https://myneta.info/maharashtra2019/candidate.php?candidate_id=8277,Siddharth Anil Shirole
https://myneta.info/maharashtra2019/candidate.php?candidate_id=7562,Pachpute Babanrao Bhikaji
https://myneta.info/maharashtra2019/candidate.php?candidate_id=10588,Kanade Lahu Natha
https://myneta.info/maharashtra2019/candidate.php?candidate_id=10598,Aditi Sunil Tatkare
https://myneta.info/maharashtra2019/candidate.php?candidate_id=7738,Abdul Sattar Abdul Nabi
https://myneta.info/maharashtra2019/candidate.php?candidate_id=9419,Dr. Rajendra Bhaskarrao Shingane
https://myneta.info/maharashtra2019/candidate.php?candidate_id=8008,Jaykumar Jitendrasinh Rawal
https://myneta.info/maharashtra2019/candidate.php?candidate_id=7575,Adv. Kokate Manikrao Shivajirao
https://myneta.info/maharashtra2019/candidate.php?candidate_id=9855,Captain R Tamil Selvan
https://myneta.info/maharashtra2019/candidate.php?candidate_id=8246,Praniti Shushilkumar Shinde
https://myneta.info/maharashtra2019/candidate.php?candidate_id=8253,Deshmukh Vijaykumar Sidramappa
https://myneta.info/maharashtra2019/candidate.php?candidate_id=8004,Deshmukh Subhash Sureshchandra
https://myneta.info/maharashtra2019/candidate.php?candidate_id=9919,Sumanvahini R.R. (Aba) Patil
https://myneta.info/maharashtra2019/candidate.php?candidate_id=9443,Adv. Yashomati Chandrakant Thakur
https://myneta.info/maharashtra2019/candidate.php?candidate_id=7998,Kelkar Sanjay Mukund
https://myneta.info/maharashtra2019/candidate.php?candidate_id=7994,Vijay Rahangdale
https://myneta.info/maharashtra2019/candidate.php?candidate_id=7993,Ranajagjitsinha Padmasinha Patil
https://myneta.info/maharashtra2019/candidate.php?candidate_id=9876,Karemore Raju Manikrao
https://myneta.info/maharashtra2019/candidate.php?candidate_id=7815,Bansode Sanjay Baburao
https://myneta.info/maharashtra2019/candidate.php?candidate_id=10634,Kumar Uttamchand Ailani
https://myneta.info/maharashtra2019/candidate.php?candidate_id=8455,Namdev Jayram Sasane
https://myneta.info/maharashtra2019/candidate.php?candidate_id=9726,Raju Devnath Parwe
https://myneta.info/maharashtra2019/candidate.php?candidate_id=7642,Mahesh Baldi
https://myneta.info/maharashtra2019/candidate.php?candidate_id=8571,Sunil Vijay Tingre
https://myneta.info/maharashtra2019/candidate.php?candidate_id=9411,Bornare Ramesh Nanasaheb
https://myneta.info/maharashtra2019/candidate.php?candidate_id=7966,Ashish Babaji Shelar
https://myneta.info/maharashtra2019/candidate.php?candidate_id=7967,Zeeshan Baba Siddique
https://myneta.info/maharashtra2019/candidate.php?candidate_id=7963,Dr. Bharati Lavekar
https://myneta.info/maharashtra2019/candidate.php?candidate_id=7637,Hitendra Vishnu Thakur
https://myneta.info/maharashtra2019/candidate.php?candidate_id=8518,Sunil Chandrakant Bhuasara
https://myneta.info/maharashtra2019/candidate.php?candidate_id=8534,Raut Sunil Rajaram
https://myneta.info/maharashtra2019/candidate.php?candidate_id=7960,Alavani Parag
https://myneta.info/maharashtra2019/candidate.php?candidate_id=8504,Kalidas Nilkanth Kolambkar
https://myneta.info/maharashtra2019/candidate.php?candidate_id=7957,Makrand Laxmanrao Jadhav (Patil)
https://myneta.info/maharashtra2019/candidate.php?candidate_id=7954,Sanjivreddy Bapurao Bodkurwar
https://myneta.info/maharashtra2019/candidate.php?candidate_id=7950,Dr. Pankaj Rajesh Bhoyar
https://myneta.info/maharashtra2019/candidate.php?candidate_id=7706,Dhanorkar Pratibha Suresh
https://myneta.info/maharashtra2019/candidate.php?candidate_id=7808,Lakhan Sahadeo Malik
https://myneta.info/maharashtra2019/candidate.php?candidate_id=7943,Aditya Thackeray
https://myneta.info/maharashtra2019/candidate.php?candidate_id=8467,Madan Madhukar Yerawar
https://myneta.info/maharashtra2019/candidate.php?candidate_id=8458,Chhagan Chandrakant Bhujbal
